Data Size,Execution Time (s)
500,26.688050985336304
1000,83.77005338668823
2000,756.8939349651337
